DELETE FROM resposta;
DELETE FROM pergunta;
DELETE FROM disciplina;
DELETE FROM projeto;

--create table resposta (id bigint not null,
--                        atualizacao timestamp(6) not null,
--                        maturidade smallint not null,
--                        pergunta_id bigint not null,
--                        projeto_id bigint not null, primary key (id)
--                       );

--Maturidade (apenas para carga)
DROP TABLE IF EXISTS maturidade;
CREATE TABLE maturidade (id bigint not null, nome varchar(15) not null, primary key (id));
INSERT INTO maturidade VALUES (1,'ARRASTA');
INSERT INTO maturidade values(2,'ENGATINHA');
INSERT INTO maturidade values(3,'ANDA');
INSERT INTO maturidade values(4,'CORRE');
INSERT INTO maturidade values(5,'VOA');

--ARRASTA(1), ENGATINHA(2), ANDA(3), CORRE(4), VOA(5);
--Disciplina
INSERT INTO disciplina VALUES (1, 'Arquitetura Corporativa');
INSERT INTO disciplina VALUES (2, 'DevSecOps');
INSERT INTO disciplina VALUES (3, 'Arquitetura de Solução');
INSERT INTO disciplina VALUES (4, 'Arquitetura de Software');
INSERT INTO disciplina VALUES (5, 'Engenharia de Software');
INSERT INTO disciplina VALUES (6, 'Qualidade');
INSERT INTO disciplina VALUES (7, 'Dados');

--Projeto
INSERT INTO projeto VALUES (1,'Drogarias Araújo');
INSERT INTO projeto VALUES (2 ,'Prudential Seguros');

--1
INSERT INTO pergunta (id,texto,ajuda,disciplina_id) VALUES (1, 'A aplicação possui arquitetura de solução que oferece flexibilidade de mudanças sem que haja grandes impactos.', 'Explicação da pergunta',1);
INSERT INTO pergunta (id,texto,ajuda,disciplina_id) VALUES (2, 'A aplicação utiliza padrões de arquitetura de referência.', 'Explicação da pergunta',1);
INSERT INTO pergunta (id,texto,ajuda,disciplina_id) VALUES (3, 'A stack de tecnologias da aplicação permite evolução.', 'Explicação da pergunta',1);
INSERT INTO pergunta (id,texto,ajuda,disciplina_id) VALUES (4, 'A arquitetura de solução da aplicação é modular ou está passando por um processo de modularização.', 'Explicação da pergunta',1);
INSERT INTO pergunta (id,texto,ajuda,disciplina_id) VALUES (5, 'A arquitetura de solução da aplicação não é predominantemente monolítica.', 'Explicação da pergunta',1);
INSERT INTO pergunta (id,texto,ajuda,disciplina_id) VALUES (6, 'A arquitetura de solução utiliza de soluções plug-in. (capacidade de mudar providers/serviços sem impactar a aplicação)', 'Explicação da pergunta',1);
INSERT INTO pergunta (id,texto,ajuda,disciplina_id) VALUES (7, 'A arquitetura de solução do aplicação atende diretrizes de integração utilizando protocolos leves, através de serviços.', 'Explicação da pergunta',1);
INSERT INTO pergunta (id,texto,ajuda,disciplina_id) VALUES (8, 'A arquitetura de solução do aplicação tem complexidade técnica menor que complexidade funcional.(preciso passar por muitas camadas de implementação pra fazer algo assim)', 'Explicação da pergunta',1);
INSERT INTO pergunta (id,texto,ajuda,disciplina_id) VALUES (9, 'A arquitetura de solução da aplicação é capaz de consumir serviços existentes para atender o roadmap de produto. (ex evitar: todas as aplicações criando tabelas de cliente/usuário)', 'Explicação da pergunta',1);
INSERT INTO pergunta (id,texto,ajuda,disciplina_id) VALUES (10, 'A arquitetura de solução estabelece uma estratégia de implementação que detalha os seguintes cenários:Greenfield,Revolucionária, Evolucionária e Otimizado.', 'Explicação da pergunta',1);
INSERT INTO pergunta (id,texto,ajuda,disciplina_id) VALUES (11, 'A arquitetura de solução da aplicação resolve seus débitos técnicos de acordo com roadmap do produto.', 'Explicação da pergunta',1);
INSERT INTO pergunta (id,texto,ajuda,disciplina_id) VALUES (12, 'A arquitetura de solução do aplicação é capaz de compartilhar seus serviços e soluções para reuso.', 'Explicação da pergunta',1);
INSERT INTO pergunta (id,texto,ajuda,disciplina_id) VALUES (13, 'A arquitetura de solução da aplicação possui independencia técnologica.', 'Explicação da pergunta',1);
INSERT INTO pergunta (id,texto,ajuda,disciplina_id) VALUES (14, 'A arquitetura de solução da aplicação atende a estratégia de arquitetura corporativa.', 'Explicação da pergunta',1);
INSERT INTO pergunta (id,texto,ajuda,disciplina_id) VALUES (15, 'A arquitetura de solução da aplicação é capaz de compartilhar soluções com a comunidade ou viabilizar a venda dos produtos/serviços para o mercado.', 'Explicação da pergunta',1);
INSERT INTO pergunta (id,texto,ajuda,disciplina_id) VALUES (16, 'A arquitetura de solução da aplicação atende um processo de arquitetura corporativa de maneira adhoc.', 'Explicação da pergunta',1);
INSERT INTO pergunta (id,texto,ajuda,disciplina_id) VALUES (17, 'A arquitetura de solução da aplicação é planejada e não exagerada, conforme as necessidades do roadmap de produto.', 'Explicação da pergunta',1);
INSERT INTO pergunta (id,texto,ajuda,disciplina_id) VALUES (18, 'A arquitetura de solução da aplicação é apoiada pela arquitetura corporativa através de guidelines e boas práticas.(verdadeiro) [requisito] A arquitetura de solução da aplicação possui modelagem arquitetural planejada e documentada.', 'Explicação da pergunta',1);
INSERT INTO pergunta (id,texto,ajuda,disciplina_id) VALUES (19, 'A aplicação está orientada a cadeia de valor e tem objetivo claro e definido.', 'Explicação da pergunta',1);
INSERT INTO pergunta (id,texto,ajuda,disciplina_id) VALUES (20, 'A arquitetura de solução da aplicação se beneficia de definições corporativas de plataforma e de reuso: (pipelines, segurança, infraestrutura e qualidade)', 'Explicação da pergunta',1);

--2
INSERT INTO pergunta (id,texto,ajuda,disciplina_id) VALUES (150, 'A aplicação utiliza serviços de nuvem de maneira adhoc.', 'Explicação da pergunta',2);
INSERT INTO pergunta (id,texto,ajuda,disciplina_id) VALUES (151, 'A aplicação NÃO é altamente acoplada com soluções do datacenter.', 'Explicação da pergunta',2);
INSERT INTO pergunta (id,texto,ajuda,disciplina_id) VALUES (152, 'A aplicação suporta ser implantada parcialmente(módulos) em uma nuvem especifica.', 'Explicação da pergunta',2);
INSERT INTO pergunta (id,texto,ajuda,disciplina_id) VALUES (153, 'A aplicação NÃO possui dependências indesejadas com as tecnologias da nuvem utilizada caracterizando lock-in acidental.', 'Explicação da pergunta',2);
INSERT INTO pergunta (id,texto,ajuda,disciplina_id) VALUES (154, 'A aplicação segue uma estratégia de ""go to cloud"" que avalia os seguintes requisitos: somente nível acoplamento com datacenter.', 'Explicação da pergunta',2);
INSERT INTO pergunta (id,texto,ajuda,disciplina_id) VALUES (155, 'A aplicação suporta escalabilidade vertical.', 'Explicação da pergunta',2);
INSERT INTO pergunta (id,texto,ajuda,disciplina_id) VALUES (156, 'A aplicação suporta escalabilidade horizontal.', 'Explicação da pergunta',2);
INSERT INTO pergunta (id,texto,ajuda,disciplina_id) VALUES (157, 'A aplicação possui analise de performance em nuvem.', 'Explicação da pergunta',2);
INSERT INTO pergunta (id,texto,ajuda,disciplina_id) VALUES (158, 'A aplicação segue uma estratégia de ""go to cloud"" que avalia os seguintes requisitos: custo benefício, performance e escalabilidade.', 'Explicação da pergunta',2);
INSERT INTO pergunta (id,texto,ajuda,disciplina_id) VALUES (159, 'A aplicação segue uma estratégia de ""go to cloud"" que avalia os seguintes requisitos: obsolescência da infraestrutura proprietária e estratégia de negócio.', 'Explicação da pergunta',2);
INSERT INTO pergunta (id,texto,ajuda,disciplina_id) VALUES (160, 'A aplicação atende governança de nuvens e gerenciamento de gastos, onde os serviços utilizados são incorporados ao TCO dos produtos.', 'Explicação da pergunta',2);
INSERT INTO pergunta (id,texto,ajuda,disciplina_id) VALUES (161, 'A aplicação é capaz de funcionar em qualquer ambiente e não está acoplada ao provedor do mesmo.', 'Explicação da pergunta',2);
INSERT INTO pergunta (id,texto,ajuda,disciplina_id) VALUES (162, 'A aplicação suporta implantação distribuida.', 'Explicação da pergunta',2);
INSERT INTO pergunta (id,texto,ajuda,disciplina_id) VALUES (163, 'A aplicação suporta multilocação em multiplas nuvens. (multi-tenant-cloud)', 'Explicação da pergunta',2);
INSERT INTO pergunta (id,texto,ajuda,disciplina_id) VALUES (164, 'A aplicação atende uma governança de turnkey.', 'Explicação da pergunta',2);
INSERT INTO pergunta (id,texto,ajuda,disciplina_id) VALUES (165, 'A aplicação é disponibilizada em container.', 'Explicação da pergunta',2);
INSERT INTO pergunta (id,texto,ajuda,disciplina_id) VALUES (166, 'A aplicação está isolada nas camada de hardware e de sistema operacional.', 'Explicação da pergunta',2);
INSERT INTO pergunta (id,texto,ajuda,disciplina_id) VALUES (167, 'A aplicação NÃO mantêm estado ou sessão.', 'Explicação da pergunta',2);
INSERT INTO pergunta (id,texto,ajuda,disciplina_id) VALUES (168, 'A aplicação utiliza container em processos adhoc.', 'Explicação da pergunta',2);
INSERT INTO pergunta (id,texto,ajuda,disciplina_id) VALUES (169, 'A aplicação possui um versionamento de revisões.', 'Explicação da pergunta',2);

--3
INSERT INTO pergunta (id,texto,ajuda,disciplina_id) VALUES (72, 'A aplicação não compartilha servidores de banco de dados monolíticos.', 'Explicação da pergunta', 3);
INSERT INTO pergunta (id,texto,ajuda,disciplina_id) VALUES (73, 'A aplicação não compartilha os mesmos esquemas de banco de dados.', 'Explicação da pergunta', 3);
INSERT INTO pergunta (id,texto,ajuda,disciplina_id) VALUES (74, 'As implantações de banco de dados NÃO são executadas manualmente.', 'Explicação da pergunta', 3);
INSERT INTO pergunta (id,texto,ajuda,disciplina_id) VALUES (75, 'A aplicação não apresenta locks em banco de dados  com frequência.', 'Explicação da pergunta', 3);
INSERT INTO pergunta (id,texto,ajuda,disciplina_id) VALUES (76, 'A aplicação mantem seus scripts de banco de dados no seu repositório.', 'Explicação da pergunta', 3);
INSERT INTO pergunta (id,texto,ajuda,disciplina_id) VALUES (77, 'A aplicação realiza versionamento de banco de maneira adhoc.', 'Explicação da pergunta', 3);
INSERT INTO pergunta (id,texto,ajuda,disciplina_id) VALUES (78, 'A aplicação não tem dependência de leitura de esquemas de outras aplicações.', 'Explicação da pergunta', 3);
INSERT INTO pergunta (id,texto,ajuda,disciplina_id) VALUES (79, 'A aplicação não compartilha usuários e permissões de banco de dados.', 'Explicação da pergunta', 3);
INSERT INTO pergunta (id,texto,ajuda,disciplina_id) VALUES (80, 'A aplicação separa as instâncias de bancos ambientes transacionais dos analíticos.', 'Explicação da pergunta', 3);
INSERT INTO pergunta (id,texto,ajuda,disciplina_id) VALUES (81, 'A aplicação é capaz de ser implantanda de maneira distribuida e escalável.', 'Explicação da pergunta', 3);
INSERT INTO pergunta (id,texto,ajuda,disciplina_id) VALUES (82, 'A aplicação utiliza usuários e permissões adequadas para seu cenário de uso.', 'Explicação da pergunta', 3);
INSERT INTO pergunta (id,texto,ajuda,disciplina_id) VALUES (83, 'A aplicação utiliza pipeline de banco de dados para criação e evolução de esquema.', 'Explicação da pergunta', 3);
INSERT INTO pergunta (id,texto,ajuda,disciplina_id) VALUES (84, 'A aplicação atende uma estratégia de desacoplamento da infraestrutura de dados.', 'Explicação da pergunta', 3);
INSERT INTO pergunta (id,texto,ajuda,disciplina_id) VALUES (85, 'A aplicação atende uma estratégia corporativa de replicação para uma camada de dados utilizada para fins analíticos.', 'Explicação da pergunta', 3);
INSERT INTO pergunta (id,texto,ajuda,disciplina_id) VALUES (86, 'A aplicação atende o principio de responsabilidade única em manter e recuperar dados de um determinado ativo, isto é, ela é a única que gera ativos de dados do seu contexto (chave) e outras aplicações fazem referência.', 'Explicação da pergunta', 3);
INSERT INTO pergunta (id,texto,ajuda,disciplina_id) VALUES (87, 'A aplicação produz dados para camada analitica e ao mesmo tempo consome dados gerados por outras aplicações em seus casos de uso (eventos).', 'Explicação da pergunta', 3);
INSERT INTO pergunta (id,texto,ajuda,disciplina_id) VALUES (88, 'A aplicação tem camada de persistência poliglota.', 'Explicação da pergunta', 3);
INSERT INTO pergunta (id,texto,ajuda,disciplina_id) VALUES (89, 'A aplicação não obrigatóriamente possui banco de dados e é capaz de operar com eventos e streams, se aplicável.', 'Explicação da pergunta', 3);
INSERT INTO pergunta (id,texto,ajuda,disciplina_id) VALUES (90, 'A aplicação resolve suas integrações pelo menos maneira adhoc.', 'Explicação da pergunta', 3);

--4
INSERT INTO pergunta (id,texto,ajuda,disciplina_id) VALUES (29, 'A aplicação utiliza uma arquitetura de referência definida.', 'Explicação da pergunta', 4);
INSERT INTO pergunta (id,texto,ajuda,disciplina_id) VALUES (30, 'A versão dos frameworks e bibliotecas são mantidos atualizados junto com evolução da aplicação.', 'Explicação da pergunta', 4);
INSERT INTO pergunta (id,texto,ajuda,disciplina_id) VALUES (31, 'A aplicação utiliza de boas práticas de orientação a objeto quando aplicável: (S) Responsabilidade Única, (I) Segregação de Interface.', 'Explicação da pergunta', 4);
INSERT INTO pergunta (id,texto,ajuda,disciplina_id) VALUES (32, 'A aplicação não possui regras de negócio na camada de persistência.', 'Explicação da pergunta', 4);
INSERT INTO pergunta (id,texto,ajuda,disciplina_id) VALUES (33, 'A aplicação trata débitos técnicos.', 'Explicação da pergunta', 4);
INSERT INTO pergunta (id,texto,ajuda,disciplina_id) VALUES (34, 'A aplicação utiliza boas práticas de definição de módulos e camadas: CCP: Common closure principle - Junte todos os objetos que são parecidos e separe os que mudam por motivos diferentes: Camadas. (UI, Controller, Infrastructure, Domain)', 'Explicação da pergunta', 4);
INSERT INTO pergunta (id,texto,ajuda,disciplina_id) VALUES (35, 'O gerenciamento de dependências de frameworks e bibliotecas é feita de maneira automatica por algum software gerenciador. (nuget, npm, maven, gradle, gem, py, etc)', 'Explicação da pergunta', 4);
INSERT INTO pergunta (id,texto,ajuda,disciplina_id) VALUES (36, 'A aplicação utiliza de boas práticas de orientação a objeto quando aplicável: (L) Princípio da Substituição', 'Explicação da pergunta', 4);
INSERT INTO pergunta (id,texto,ajuda,disciplina_id) VALUES (37, 'A aplicação utiliza boas práticas de definição de módulos e camadas: CRP: Common Reuse Principle - Junte todos os objetos que são frequentemente utilizados em conjunto: Módulos. (Repositories, VOs, POCO, Entities, Use Cases)', 'Explicação da pergunta', 4);
INSERT INTO pergunta (id,texto,ajuda,disciplina_id) VALUES (38, 'A aplicação tem isolamento interno de módulos. (políticas de visibilidade: private, protected, public)', 'Explicação da pergunta', 4);
INSERT INTO pergunta (id,texto,ajuda,disciplina_id) VALUES (39, 'A aplicação utiliza de boas práticas de orientação a objeto quando aplicável: (D) Inversão de Dependência.', 'Explicação da pergunta', 4);
INSERT INTO pergunta (id,texto,ajuda,disciplina_id) VALUES (40, 'A aplicação utiliza modelagens arquiteturais que fazem sentido para seu contexto e para o negócio.', 'Explicação da pergunta', 4);
INSERT INTO pergunta (id,texto,ajuda,disciplina_id) VALUES (41, 'A aplicação utiliza padrões de projeto que permitem a criação de módulos flexiveis. (design patterns, adapters, facades, good citizen, etc)', 'Explicação da pergunta', 4);
INSERT INTO pergunta (id,texto,ajuda,disciplina_id) VALUES (42, 'A aplicação tem isolamento externos de módulos. ( biblioteca e/ou serviços)', 'Explicação da pergunta', 4);
INSERT INTO pergunta (id,texto,ajuda,disciplina_id) VALUES (43, 'A aplicação utiliza de boas práticas de orientação a objeto quando aplicável: (O) Aberto Fechado. (Viabiliza YAGNI, KISS)', 'Explicação da pergunta', 4);
INSERT INTO pergunta (id,texto,ajuda,disciplina_id) VALUES (44, 'A aplicação possui a capacidade de refatoração sem impactos no roadmap da solução.', 'Explicação da pergunta', 4);
INSERT INTO pergunta (id,texto,ajuda,disciplina_id) VALUES (45, 'Os módulos/serviços/componentes da aplicação estão conectados com roadmap e possuem características que permitem a flexibilização e adoção de mudanças estruturais.', 'Explicação da pergunta', 4);
INSERT INTO pergunta (id,texto,ajuda,disciplina_id) VALUES (46, 'A arquitetura da aplicação permite testar e desenvolver os módulos de maneira isolada sem acoplamento.', 'Explicação da pergunta', 4);
INSERT INTO pergunta (id,texto,ajuda,disciplina_id) VALUES (47, 'O isolamento dos módulos é garantido nos pipelines de integração como uma fitness function de arquitetura evolutiva.', 'Explicação da pergunta', 4);
INSERT INTO pergunta (id,texto,ajuda,disciplina_id) VALUES (48, 'A aplicação utiliza arquitetura evolucionária para garantir as caracteristicas estruturais e comportamentais da arquitetura da aplicação. (Ex: testes fitness functions: Isolamento de módulos, violação da orientação objeto, testes de stress/carga, testes de performance, testes do uso de cache, testes de inversão/injeção de dependências, testes de resiliência)', 'Explicação da pergunta', 4);
INSERT INTO pergunta (id,texto,ajuda,disciplina_id) VALUES (49, 'A aplicação atende uma governança de APIs definida de maneira adhoc.', 'Explicação da pergunta', 4);

--5
INSERT INTO pergunta (id,texto,ajuda,disciplina_id) VALUES (324, 'Existe flexibilidade das feature branchs para se adaptarem as dependências.', 'Explicação da pergunta', 5);
INSERT INTO pergunta (id,texto,ajuda,disciplina_id) VALUES (325, 'Existe padrão de mensagens de commit.', 'Explicação da pergunta', 5);
INSERT INTO pergunta (id,texto,ajuda,disciplina_id) VALUES (326, 'Existe alguma rotina de qualidade e verificação antes do commit como por ex: (commit hooks, work item referênciado, identação).', 'Explicação da pergunta', 5);
INSERT INTO pergunta (id,texto,ajuda,disciplina_id) VALUES (327, 'A aplicação não apresenta conflitos de código ao integrar feature branchs.
 (verdadeiro)[requisito] Os testes da aplicação são executados pelo menos depois dos merges.', 'Explicação da pergunta', 5);
INSERT INTO pergunta (id,texto,ajuda,disciplina_id) VALUES (328, 'As rotinas de qualidade do pipeline rodam pelo menos em branchs principais.', 'Explicação da pergunta', 5);
INSERT INTO pergunta (id,texto,ajuda,disciplina_id) VALUES (329, 'As rotinas de qualidade rodam todas as branchs do fluxo.', 'Explicação da pergunta', 5);
INSERT INTO pergunta (id,texto,ajuda,disciplina_id) VALUES (330, 'As implantações da aplicação nos ambientes são rastreadas no fluxo de versionamento.', 'Explicação da pergunta', 5);
INSERT INTO pergunta (id,texto,ajuda,disciplina_id) VALUES (331, 'O pipeline utiliza o fluxo de versionamento para realizar integração e implantação.', 'Explicação da pergunta', 5);
INSERT INTO pergunta (id,texto,ajuda,disciplina_id) VALUES (332, 'A aplicação possui um fluxo de versionamento definido e documentado.', 'Explicação da pergunta', 5);
INSERT INTO pergunta (id,texto,ajuda,disciplina_id) VALUES (333, 'Os testes são realizados antes do merge com a baseline.', 'Explicação da pergunta', 5);
INSERT INTO pergunta (id,texto,ajuda,disciplina_id) VALUES (334, 'As versões estáveis da aplicação são rastreadas através do uso de tags na sua baseline.', 'Explicação da pergunta', 5);
INSERT INTO pergunta (id,texto,ajuda,disciplina_id) VALUES (335, 'A aplicação utiliza da estratégia de Innersource e Opensource estabelecida e governada pela arquitetura corporativa.', 'Explicação da pergunta', 5);
INSERT INTO pergunta (id,texto,ajuda,disciplina_id) VALUES (336, 'A aplicação executa seu fluxo de versionamento e integração contínua com uso de ChatOps.', 'Explicação da pergunta', 5);
INSERT INTO pergunta (id,texto,ajuda,disciplina_id) VALUES (337, 'A aplicação possui um código fonte técnico, com taxonomia própria.', 'Explicação da pergunta', 5);
INSERT INTO pergunta (id,texto,ajuda,disciplina_id) VALUES (338, 'O sistema possui um código fonte que é claro de ser compreendido ao menos pelo time técnico.', 'Explicação da pergunta', 5);
INSERT INTO pergunta (id,texto,ajuda,disciplina_id) VALUES (339, 'O sistema possui um código fonte que é claro de ser compreendido e lido por qualquer pessoa que conheça o negócio.', 'Explicação da pergunta', 5);
INSERT INTO pergunta (id,texto,ajuda,disciplina_id) VALUES (340, 'A aplicação possui um domínio definido pela arquitetura de solução.', 'Explicação da pergunta', 5);
INSERT INTO pergunta (id,texto,ajuda,disciplina_id) VALUES (341, 'A aplicação possui responsabilidades bem definidas dentro do contexto do seu domínio.', 'Explicação da pergunta', 5);
INSERT INTO pergunta (id,texto,ajuda,disciplina_id) VALUES (342, 'A aplicação, mesmo complexa, possui fácil manutenção e baixa complexidade cognitiva.', 'Explicação da pergunta', 5);
INSERT INTO pergunta (id,texto,ajuda,disciplina_id) VALUES (343, 'Aarquitetura de solução da aplicação possui desenhos técnicos do contexto refletindo  o domínio do negócio.', 'Explicação da pergunta', 5);

--6
INSERT INTO pergunta (id,texto,ajuda,disciplina_id) VALUES (344, 'A aplicação possui analise estática de código de forma adhoc.', 'Explicação da pergunta', 6);
INSERT INTO pergunta (id,texto,ajuda,disciplina_id) VALUES (345, 'A aplicação possui analise estática de código integrada ao pipeline.', 'Explicação da pergunta', 6);
INSERT INTO pergunta (id,texto,ajuda,disciplina_id) VALUES (346, 'A aplicação possui analise estática com configuração de indicadores básicos. (duplicidade, code smell, etc)', 'Explicação da pergunta', 6);
INSERT INTO pergunta (id,texto,ajuda,disciplina_id) VALUES (347, 'A aplicação possui analise estática integrada aos pipelines e quebram build.', 'Explicação da pergunta', 6);
INSERT INTO pergunta (id,texto,ajuda,disciplina_id) VALUES (348, 'A aplicação possui analise estática com configuração de indicadores avançados. (segurança, bugs)', 'Explicação da pergunta', 6);
INSERT INTO pergunta (id,texto,ajuda,disciplina_id) VALUES (349, 'A aplicação utiliza diferentes tipos de analise estática conforme suas necessidades.(hadolint, sast, etc)', 'Explicação da pergunta', 6);
INSERT INTO pergunta (id,texto,ajuda,disciplina_id) VALUES (350, 'A aplicação possui cobertura de código pelo menos de maneira adhoc.', 'Explicação da pergunta', 6);
INSERT INTO pergunta (id,texto,ajuda,disciplina_id) VALUES (351, 'A aplicação tem validação de cobertura de código como política e aderente ao seu contexto.', 'Explicação da pergunta', 6);
INSERT INTO pergunta (id,texto,ajuda,disciplina_id) VALUES (352, 'A aplicação está orientada a testes, mas não tem toda sua extensão coberta por testes.', 'Explicação da pergunta', 6);
INSERT INTO pergunta (id,texto,ajuda,disciplina_id) VALUES (353, 'A aplicação está integrada com quebras de pipelines ao violar cobertura de código.', 'Explicação da pergunta', 6);
INSERT INTO pergunta (id,texto,ajuda,disciplina_id) VALUES (354, 'A aplicação não possui códigos de regras de negócio ignorados pela ferramenta de cobertura.', 'Explicação da pergunta', 6);
INSERT INTO pergunta (id,texto,ajuda,disciplina_id) VALUES (355, 'A aplicação está integrada com interrupção de merges do fluxo de versionamento ao violar cobertura.', 'Explicação da pergunta', 6);
INSERT INTO pergunta (id,texto,ajuda,disciplina_id) VALUES (356, 'A aplicação possui cobertura por arquivo.', 'Explicação da pergunta', 6);
INSERT INTO pergunta (id,texto,ajuda,disciplina_id) VALUES (357, 'A aplicação não possui códigos de aplicação/casos de uso ignorados pela ferramenta de cobertura.', 'Explicação da pergunta', 6);
INSERT INTO pergunta (id,texto,ajuda,disciplina_id) VALUES (358, 'A aplicação não possui códigos ignorados pela ferramenta de cobertura.', 'Explicação da pergunta', 6);
INSERT INTO pergunta (id,texto,ajuda,disciplina_id) VALUES (359, 'A aplicação não permite incremento de funcionalidades sem testes.(verdadeiro) [requisito] A aplicação mede taxa de introdução de novos bugs.', 'Explicação da pergunta', 6);
INSERT INTO pergunta (id,texto,ajuda,disciplina_id) VALUES (360, 'Os testes da aplicação são integrados ao pipeline e passam a bloquear a integração contínua.', 'Explicação da pergunta', 6);
INSERT INTO pergunta (id,texto,ajuda,disciplina_id) VALUES (361, 'Os testes da aplicação são considerados em refactories.', 'Explicação da pergunta', 6);
INSERT INTO pergunta (id,texto,ajuda,disciplina_id) VALUES (362, 'Os testes da aplicação são considerados na resolução de incidentes e hotfixes.', 'Explicação da pergunta', 6);
INSERT INTO pergunta (id,texto,ajuda,disciplina_id) VALUES (363, 'A aplicação utiliza testes no DoD.', 'Explicação da pergunta', 6);
INSERT INTO pergunta (id,texto,ajuda,disciplina_id) VALUES (364, 'Os testes da aplicação são escritos antes da construção.', 'Explicação da pergunta', 6);

--7
INSERT INTO pergunta (id,texto,ajuda,disciplina_id) VALUES (105, 'Abordagem inicial de analytics ocorre por meio de análises diretamente conectadas nas bases transacionais do produto  em mais de 80% das iniciativas, interferindo no desempenho e na robustez do produto.', 'Explicação da pergunta', 7);
INSERT INTO pergunta (id,texto,ajuda,disciplina_id) VALUES (106, 'Sumarizações e análises externas de dados ocorrem em pelo menos 20% das bases de dados transacionais do produto.', 'Explicação da pergunta', 7);
INSERT INTO pergunta (id,texto,ajuda,disciplina_id) VALUES (107, 'Demandas OLAP ocorrem para os dados correspondentes a pelo menos 50% das transações críticas do produto.', 'Explicação da pergunta', 7);
INSERT INTO pergunta (id,texto,ajuda,disciplina_id) VALUES (108, 'Ferramentas de BI passam a ter utilização ampla no contexto do produto  sendo aplicadas em mais de 50% das atividades OLAP.', 'Explicação da pergunta', 7);
INSERT INTO pergunta (id,texto,ajuda,disciplina_id) VALUES (109, 'Os dados da aplicação são acessíveis via formas autônomas de acesso aos dados (como self-service BI) em pelo menos 50% das iniciativas de OLAP e começam a construir suas próprias integrações e dashboards, utilizando ferramentas homologadas pela TI.', 'Explicação da pergunta', 7);
INSERT INTO pergunta (id,texto,ajuda,disciplina_id) VALUES (110, 'Mais de 50% das iniciativas de analytics relacionadas ao produto estão dentro do escopo de desenvolvimento de modelos de Ciência de Dados.', 'Explicação da pergunta', 7);
INSERT INTO pergunta (id,texto,ajuda,disciplina_id) VALUES (111, 'Mais de 50% dos modelos de Ciência de Dados relacionados ao produto, já desenvolvidos ou em desenvolvimento, incorporam abordagem prescritiva com formas semi-automáticas para tomada de decisão.', 'Explicação da pergunta', 7);
INSERT INTO pergunta (id,texto,ajuda,disciplina_id) VALUES (112, 'Mais de 50% das iniciativas OLAP relacionadas ao produto são feitas diretamente pelos times de produto e de negócio com  autonomia para acesso aos dados, eventualmente  com suporte do time de analytics.', 'Explicação da pergunta', 7);
INSERT INTO pergunta (id,texto,ajuda,disciplina_id) VALUES (113, 'Mais de 50% das iniciativas de Ciência de Dados relacionadas ao produto, já implementadas ou em desenvolvimento, envolvem processos totalmente automáticos de otimização de decisões.', 'Explicação da pergunta', 7);
INSERT INTO pergunta (id,texto,ajuda,disciplina_id) VALUES (114, 'Mais de 80% das iniciativas de Ciência de Dados relacionadas ao produto evoluem usando técnicas de DevOps.', 'Explicação da pergunta', 7);
INSERT INTO pergunta (id,texto,ajuda,disciplina_id) VALUES (115, 'Os dados da aplicação permitem a autonomia para mais de 80% de trabalhos de OLAP relacionados ao produto com apoio mínimo da área de analytics.', 'Explicação da pergunta', 7);
INSERT INTO pergunta (id,texto,ajuda,disciplina_id) VALUES (116, 'Bases transacionais da aplicação não estão acopladas. (ex: mudanças na estrutura da base possuem baixo risco de problemas nos outros produtos.)', 'Explicação da pergunta', 7);
INSERT INTO pergunta (id,texto,ajuda,disciplina_id) VALUES (117, 'Bases transacionais não são consultadas  de forma ad hoc para tarefas analíticas, não compromentendo o desempenho e robustez das atividades transacionais da aplicação.', 'Explicação da pergunta', 7);
INSERT INTO pergunta (id,texto,ajuda,disciplina_id) VALUES (118, 'Bases de datawarehouse, com modelos dimensionais, são criadas para separar atividades de OLAP das atividades de OLTP para pelo menos 50% das atividades OLAP.', 'Explicação da pergunta', 7);
INSERT INTO pergunta (id,texto,ajuda,disciplina_id) VALUES (119, 'Cargas de ETL para integração de dados passam a ser desenvolvidas e agendadas de forma periódica e incremental para mais de 50% das atividades OLAP do produto, evitando impactar o desempenho de atividades OLTP.', 'Explicação da pergunta', 7);
INSERT INTO pergunta (id,texto,ajuda,disciplina_id) VALUES (120, 'Bases de dados com modelos não-relacionais (NoSQL) são utilizadas para armazenar de forma mais eficiente dados com estruturas que não se adequam ao modelo relacional.', 'Explicação da pergunta', 7);
INSERT INTO pergunta (id,texto,ajuda,disciplina_id) VALUES (121, 'Mais de 80% das atividades OLTP têm seus dados registrados em bases de dados desacopladas segundo contexto.', 'Explicação da pergunta', 7);
INSERT INTO pergunta (id,texto,ajuda,disciplina_id) VALUES (122, 'Mais de 80% das atividades de OLAP ocorrem em bases de datawarehouse separadas das atividades de OLTP do produto.', 'Explicação da pergunta', 7);
INSERT INTO pergunta (id,texto,ajuda,disciplina_id) VALUES (123, 'Cargas de ETL para integração de dados passam a ser desenvolvidas e agendadas de forma periódica e incremental para mais de 80% das atividades OLAP do produto, evitando impactar o desempenho de atividades OLTP.', 'Explicação da pergunta', 7);
INSERT INTO pergunta (id,texto,ajuda,disciplina_id) VALUES (124, 'Mais de 50% dos dados necessários para trabalhos de OLAP e Ciência de Dados relacionados ao produto já estão disponíveis para a análise pelas  áreas de negócio e times de produto, seja em formato dimensional após ETL ou como cópia dos dados originais, sem que seja necessário demandar novas cargas de ETL.', 'Explicação da pergunta', 7);

--Resposta
INSERT INTO resposta (id, atualizacao, maturidade, pergunta_id, projeto_id ) VALUES (1, CURRENT_TIMESTAMP(), (SELECT nome from maturidade where id = 1), 1, 2);
INSERT INTO resposta (id, atualizacao, maturidade, pergunta_id, projeto_id ) VALUES (2, CURRENT_TIMESTAMP(), (SELECT nome from maturidade where id = 3), 2, 2);
INSERT INTO resposta (id, atualizacao, maturidade, pergunta_id, projeto_id ) VALUES (3, CURRENT_TIMESTAMP(), (SELECT nome from maturidade where id = 5), 3, 2);
INSERT INTO resposta (id, atualizacao, maturidade, pergunta_id, projeto_id ) VALUES (4, CURRENT_TIMESTAMP(), (SELECT nome from maturidade where id = 2), 4, 2);
INSERT INTO resposta (id, atualizacao, maturidade, pergunta_id, projeto_id ) VALUES (5, CURRENT_TIMESTAMP(), (SELECT nome from maturidade where id = 4), 5, 2);
INSERT INTO resposta (id, atualizacao, maturidade, pergunta_id, projeto_id ) VALUES (6, CURRENT_TIMESTAMP(), (SELECT nome from maturidade where id = 3), 6, 2);
INSERT INTO resposta (id, atualizacao, maturidade, pergunta_id, projeto_id ) VALUES (7, CURRENT_TIMESTAMP(), (SELECT nome from maturidade where id = 1), 7, 2);
INSERT INTO resposta (id, atualizacao, maturidade, pergunta_id, projeto_id ) VALUES (8, CURRENT_TIMESTAMP(), (SELECT nome from maturidade where id = 2), 8, 2);
INSERT INTO resposta (id, atualizacao, maturidade, pergunta_id, projeto_id ) VALUES (9, CURRENT_TIMESTAMP(), (SELECT nome from maturidade where id = 4), 9, 2);
INSERT INTO resposta (id, atualizacao, maturidade, pergunta_id, projeto_id ) VALUES (10, CURRENT_TIMESTAMP(), (SELECT nome from maturidade where id = 1), 10, 2);
INSERT INTO resposta (id, atualizacao, maturidade, pergunta_id, projeto_id ) VALUES (11, CURRENT_TIMESTAMP(), (SELECT nome from maturidade where id = 2), 11, 2);
INSERT INTO resposta (id, atualizacao, maturidade, pergunta_id, projeto_id ) VALUES (12, CURRENT_TIMESTAMP(), (SELECT nome from maturidade where id = 2), 12, 2);
INSERT INTO resposta (id, atualizacao, maturidade, pergunta_id, projeto_id ) VALUES (13, CURRENT_TIMESTAMP(), (SELECT nome from maturidade where id = 4), 13, 2);
INSERT INTO resposta (id, atualizacao, maturidade, pergunta_id, projeto_id ) VALUES (14, CURRENT_TIMESTAMP(), (SELECT nome from maturidade where id = 3), 14, 2);
INSERT INTO resposta (id, atualizacao, maturidade, pergunta_id, projeto_id ) VALUES (15, CURRENT_TIMESTAMP(), (SELECT nome from maturidade where id = 1), 15, 2);
INSERT INTO resposta (id, atualizacao, maturidade, pergunta_id, projeto_id ) VALUES (16, CURRENT_TIMESTAMP(), (SELECT nome from maturidade where id = 4), 16, 2);
INSERT INTO resposta (id, atualizacao, maturidade, pergunta_id, projeto_id ) VALUES (17, CURRENT_TIMESTAMP(), (SELECT nome from maturidade where id = 2), 17, 2);
INSERT INTO resposta (id, atualizacao, maturidade, pergunta_id, projeto_id ) VALUES (18, CURRENT_TIMESTAMP(), (SELECT nome from maturidade where id = 5), 18, 2);
INSERT INTO resposta (id, atualizacao, maturidade, pergunta_id, projeto_id ) VALUES (19, CURRENT_TIMESTAMP(), (SELECT nome from maturidade where id = 3), 19, 2);
--INSERT INTO resposta (id, atualizacao, maturidade, pergunta_id, projeto_id ) VALUES (20, CURRENT_TIMESTAMP(), (SELECT nome from maturidade where id = 3), 20, 2);
INSERT INTO resposta (id, atualizacao, maturidade, pergunta_id, projeto_id ) VALUES (29, CURRENT_TIMESTAMP(), (SELECT nome from maturidade where id = 1), 29, 2);
INSERT INTO resposta (id, atualizacao, maturidade, pergunta_id, projeto_id ) VALUES (30, CURRENT_TIMESTAMP(), (SELECT nome from maturidade where id = 1), 30, 2);
INSERT INTO resposta (id, atualizacao, maturidade, pergunta_id, projeto_id ) VALUES (31, CURRENT_TIMESTAMP(), (SELECT nome from maturidade where id = 5), 31, 2);
INSERT INTO resposta (id, atualizacao, maturidade, pergunta_id, projeto_id ) VALUES (32, CURRENT_TIMESTAMP(), (SELECT nome from maturidade where id = 3), 32, 2);
INSERT INTO resposta (id, atualizacao, maturidade, pergunta_id, projeto_id ) VALUES (33, CURRENT_TIMESTAMP(), (SELECT nome from maturidade where id = 1), 33, 2);
INSERT INTO resposta (id, atualizacao, maturidade, pergunta_id, projeto_id ) VALUES (34, CURRENT_TIMESTAMP(), (SELECT nome from maturidade where id = 3), 34, 2);
INSERT INTO resposta (id, atualizacao, maturidade, pergunta_id, projeto_id ) VALUES (35, CURRENT_TIMESTAMP(), (SELECT nome from maturidade where id = 2), 35, 2);
INSERT INTO resposta (id, atualizacao, maturidade, pergunta_id, projeto_id ) VALUES (36, CURRENT_TIMESTAMP(), (SELECT nome from maturidade where id = 5), 36, 2);
INSERT INTO resposta (id, atualizacao, maturidade, pergunta_id, projeto_id ) VALUES (37, CURRENT_TIMESTAMP(), (SELECT nome from maturidade where id = 2), 37, 2);
INSERT INTO resposta (id, atualizacao, maturidade, pergunta_id, projeto_id ) VALUES (38, CURRENT_TIMESTAMP(), (SELECT nome from maturidade where id = 4), 38, 2);
INSERT INTO resposta (id, atualizacao, maturidade, pergunta_id, projeto_id ) VALUES (39, CURRENT_TIMESTAMP(), (SELECT nome from maturidade where id = 3), 39, 2);
INSERT INTO resposta (id, atualizacao, maturidade, pergunta_id, projeto_id ) VALUES (40, CURRENT_TIMESTAMP(), (SELECT nome from maturidade where id = 2), 40, 2);
INSERT INTO resposta (id, atualizacao, maturidade, pergunta_id, projeto_id ) VALUES (41, CURRENT_TIMESTAMP(), (SELECT nome from maturidade where id = 1), 41, 2);
INSERT INTO resposta (id, atualizacao, maturidade, pergunta_id, projeto_id ) VALUES (42, CURRENT_TIMESTAMP(), (SELECT nome from maturidade where id = 2), 42, 2);
INSERT INTO resposta (id, atualizacao, maturidade, pergunta_id, projeto_id ) VALUES (43, CURRENT_TIMESTAMP(), (SELECT nome from maturidade where id = 4), 43, 2);
INSERT INTO resposta (id, atualizacao, maturidade, pergunta_id, projeto_id ) VALUES (44, CURRENT_TIMESTAMP(), (SELECT nome from maturidade where id = 5), 44, 2);
INSERT INTO resposta (id, atualizacao, maturidade, pergunta_id, projeto_id ) VALUES (45, CURRENT_TIMESTAMP(), (SELECT nome from maturidade where id = 2), 45, 2);
INSERT INTO resposta (id, atualizacao, maturidade, pergunta_id, projeto_id ) VALUES (46, CURRENT_TIMESTAMP(), (SELECT nome from maturidade where id = 3), 46, 2);
INSERT INTO resposta (id, atualizacao, maturidade, pergunta_id, projeto_id ) VALUES (47, CURRENT_TIMESTAMP(), (SELECT nome from maturidade where id = 4), 47, 2);
INSERT INTO resposta (id, atualizacao, maturidade, pergunta_id, projeto_id ) VALUES (48, CURRENT_TIMESTAMP(), (SELECT nome from maturidade where id = 3), 48, 2);
INSERT INTO resposta (id, atualizacao, maturidade, pergunta_id, projeto_id ) VALUES (49, CURRENT_TIMESTAMP(), (SELECT nome from maturidade where id = 4), 49, 2);
INSERT INTO resposta (id, atualizacao, maturidade, pergunta_id, projeto_id ) VALUES (72, CURRENT_TIMESTAMP(), (SELECT nome from maturidade where id = 5), 72, 2);
INSERT INTO resposta (id, atualizacao, maturidade, pergunta_id, projeto_id ) VALUES (73, CURRENT_TIMESTAMP(), (SELECT nome from maturidade where id = 2), 73, 2);
INSERT INTO resposta (id, atualizacao, maturidade, pergunta_id, projeto_id ) VALUES (74, CURRENT_TIMESTAMP(), (SELECT nome from maturidade where id = 5), 74, 2);
INSERT INTO resposta (id, atualizacao, maturidade, pergunta_id, projeto_id ) VALUES (75, CURRENT_TIMESTAMP(), (SELECT nome from maturidade where id = 5), 75, 2);
INSERT INTO resposta (id, atualizacao, maturidade, pergunta_id, projeto_id ) VALUES (76, CURRENT_TIMESTAMP(), (SELECT nome from maturidade where id = 3), 76, 2);
INSERT INTO resposta (id, atualizacao, maturidade, pergunta_id, projeto_id ) VALUES (77, CURRENT_TIMESTAMP(), (SELECT nome from maturidade where id = 2), 77, 2);
INSERT INTO resposta (id, atualizacao, maturidade, pergunta_id, projeto_id ) VALUES (78, CURRENT_TIMESTAMP(), (SELECT nome from maturidade where id = 1), 78, 2);
INSERT INTO resposta (id, atualizacao, maturidade, pergunta_id, projeto_id ) VALUES (79, CURRENT_TIMESTAMP(), (SELECT nome from maturidade where id = 4), 79, 2);
INSERT INTO resposta (id, atualizacao, maturidade, pergunta_id, projeto_id ) VALUES (80, CURRENT_TIMESTAMP(), (SELECT nome from maturidade where id = 1), 80, 2);
INSERT INTO resposta (id, atualizacao, maturidade, pergunta_id, projeto_id ) VALUES (81, CURRENT_TIMESTAMP(), (SELECT nome from maturidade where id = 2), 81, 2);
INSERT INTO resposta (id, atualizacao, maturidade, pergunta_id, projeto_id ) VALUES (82, CURRENT_TIMESTAMP(), (SELECT nome from maturidade where id = 4), 82, 2);
INSERT INTO resposta (id, atualizacao, maturidade, pergunta_id, projeto_id ) VALUES (83, CURRENT_TIMESTAMP(), (SELECT nome from maturidade where id = 3), 83, 2);
INSERT INTO resposta (id, atualizacao, maturidade, pergunta_id, projeto_id ) VALUES (84, CURRENT_TIMESTAMP(), (SELECT nome from maturidade where id = 1), 84, 2);
INSERT INTO resposta (id, atualizacao, maturidade, pergunta_id, projeto_id ) VALUES (85, CURRENT_TIMESTAMP(), (SELECT nome from maturidade where id = 5), 85, 2);
INSERT INTO resposta (id, atualizacao, maturidade, pergunta_id, projeto_id ) VALUES (86, CURRENT_TIMESTAMP(), (SELECT nome from maturidade where id = 2), 86, 2);
INSERT INTO resposta (id, atualizacao, maturidade, pergunta_id, projeto_id ) VALUES (87, CURRENT_TIMESTAMP(), (SELECT nome from maturidade where id = 2), 87, 2);
INSERT INTO resposta (id, atualizacao, maturidade, pergunta_id, projeto_id ) VALUES (88, CURRENT_TIMESTAMP(), (SELECT nome from maturidade where id = 1), 88, 2);
INSERT INTO resposta (id, atualizacao, maturidade, pergunta_id, projeto_id ) VALUES (89, CURRENT_TIMESTAMP(), (SELECT nome from maturidade where id = 3), 89, 2);
INSERT INTO resposta (id, atualizacao, maturidade, pergunta_id, projeto_id ) VALUES (90, CURRENT_TIMESTAMP(), (SELECT nome from maturidade where id = 5), 90, 2);
INSERT INTO resposta (id, atualizacao, maturidade, pergunta_id, projeto_id ) VALUES (105, CURRENT_TIMESTAMP(), (SELECT nome from maturidade where id = 2), 105, 2);
INSERT INTO resposta (id, atualizacao, maturidade, pergunta_id, projeto_id ) VALUES (106, CURRENT_TIMESTAMP(), (SELECT nome from maturidade where id = 3), 106, 2);
INSERT INTO resposta (id, atualizacao, maturidade, pergunta_id, projeto_id ) VALUES (107, CURRENT_TIMESTAMP(), (SELECT nome from maturidade where id = 2), 107, 2);
INSERT INTO resposta (id, atualizacao, maturidade, pergunta_id, projeto_id ) VALUES (108, CURRENT_TIMESTAMP(), (SELECT nome from maturidade where id = 5), 108, 2);
INSERT INTO resposta (id, atualizacao, maturidade, pergunta_id, projeto_id ) VALUES (109, CURRENT_TIMESTAMP(), (SELECT nome from maturidade where id = 2), 109, 2);
INSERT INTO resposta (id, atualizacao, maturidade, pergunta_id, projeto_id ) VALUES (110, CURRENT_TIMESTAMP(), (SELECT nome from maturidade where id = 2), 110, 2);
INSERT INTO resposta (id, atualizacao, maturidade, pergunta_id, projeto_id ) VALUES (111, CURRENT_TIMESTAMP(), (SELECT nome from maturidade where id = 5), 111, 2);
INSERT INTO resposta (id, atualizacao, maturidade, pergunta_id, projeto_id ) VALUES (112, CURRENT_TIMESTAMP(), (SELECT nome from maturidade where id = 4), 112, 2);
INSERT INTO resposta (id, atualizacao, maturidade, pergunta_id, projeto_id ) VALUES (113, CURRENT_TIMESTAMP(), (SELECT nome from maturidade where id = 2), 113, 2);
INSERT INTO resposta (id, atualizacao, maturidade, pergunta_id, projeto_id ) VALUES (114, CURRENT_TIMESTAMP(), (SELECT nome from maturidade where id = 2), 114, 2);
INSERT INTO resposta (id, atualizacao, maturidade, pergunta_id, projeto_id ) VALUES (115, CURRENT_TIMESTAMP(), (SELECT nome from maturidade where id = 5), 115, 2);
INSERT INTO resposta (id, atualizacao, maturidade, pergunta_id, projeto_id ) VALUES (116, CURRENT_TIMESTAMP(), (SELECT nome from maturidade where id = 4), 116, 2);
INSERT INTO resposta (id, atualizacao, maturidade, pergunta_id, projeto_id ) VALUES (117, CURRENT_TIMESTAMP(), (SELECT nome from maturidade where id = 2), 117, 2);
INSERT INTO resposta (id, atualizacao, maturidade, pergunta_id, projeto_id ) VALUES (118, CURRENT_TIMESTAMP(), (SELECT nome from maturidade where id = 4), 118, 2);
INSERT INTO resposta (id, atualizacao, maturidade, pergunta_id, projeto_id ) VALUES (119, CURRENT_TIMESTAMP(), (SELECT nome from maturidade where id = 3), 119, 2);
INSERT INTO resposta (id, atualizacao, maturidade, pergunta_id, projeto_id ) VALUES (120, CURRENT_TIMESTAMP(), (SELECT nome from maturidade where id = 4), 120, 2);
INSERT INTO resposta (id, atualizacao, maturidade, pergunta_id, projeto_id ) VALUES (121, CURRENT_TIMESTAMP(), (SELECT nome from maturidade where id = 4), 121, 2);
INSERT INTO resposta (id, atualizacao, maturidade, pergunta_id, projeto_id ) VALUES (122, CURRENT_TIMESTAMP(), (SELECT nome from maturidade where id = 5), 122, 2);
INSERT INTO resposta (id, atualizacao, maturidade, pergunta_id, projeto_id ) VALUES (123, CURRENT_TIMESTAMP(), (SELECT nome from maturidade where id = 4), 123, 2);
INSERT INTO resposta (id, atualizacao, maturidade, pergunta_id, projeto_id ) VALUES (124, CURRENT_TIMESTAMP(), (SELECT nome from maturidade where id = 2), 124, 2);
INSERT INTO resposta (id, atualizacao, maturidade, pergunta_id, projeto_id ) VALUES (150, CURRENT_TIMESTAMP(), (SELECT nome from maturidade where id = 2), 150, 2);
INSERT INTO resposta (id, atualizacao, maturidade, pergunta_id, projeto_id ) VALUES (151, CURRENT_TIMESTAMP(), (SELECT nome from maturidade where id = 2), 151, 2);
INSERT INTO resposta (id, atualizacao, maturidade, pergunta_id, projeto_id ) VALUES (152, CURRENT_TIMESTAMP(), (SELECT nome from maturidade where id = 5), 152, 2);
INSERT INTO resposta (id, atualizacao, maturidade, pergunta_id, projeto_id ) VALUES (153, CURRENT_TIMESTAMP(), (SELECT nome from maturidade where id = 2), 153, 2);
INSERT INTO resposta (id, atualizacao, maturidade, pergunta_id, projeto_id ) VALUES (154, CURRENT_TIMESTAMP(), (SELECT nome from maturidade where id = 4), 154, 2);
INSERT INTO resposta (id, atualizacao, maturidade, pergunta_id, projeto_id ) VALUES (155, CURRENT_TIMESTAMP(), (SELECT nome from maturidade where id = 4), 155, 2);
INSERT INTO resposta (id, atualizacao, maturidade, pergunta_id, projeto_id ) VALUES (156, CURRENT_TIMESTAMP(), (SELECT nome from maturidade where id = 5), 156, 2);
INSERT INTO resposta (id, atualizacao, maturidade, pergunta_id, projeto_id ) VALUES (157, CURRENT_TIMESTAMP(), (SELECT nome from maturidade where id = 2), 157, 2);
INSERT INTO resposta (id, atualizacao, maturidade, pergunta_id, projeto_id ) VALUES (158, CURRENT_TIMESTAMP(), (SELECT nome from maturidade where id = 4), 158, 2);
INSERT INTO resposta (id, atualizacao, maturidade, pergunta_id, projeto_id ) VALUES (159, CURRENT_TIMESTAMP(), (SELECT nome from maturidade where id = 3), 159, 2);
INSERT INTO resposta (id, atualizacao, maturidade, pergunta_id, projeto_id ) VALUES (160, CURRENT_TIMESTAMP(), (SELECT nome from maturidade where id = 2), 160, 2);
INSERT INTO resposta (id, atualizacao, maturidade, pergunta_id, projeto_id ) VALUES (161, CURRENT_TIMESTAMP(), (SELECT nome from maturidade where id = 5), 161, 2);
INSERT INTO resposta (id, atualizacao, maturidade, pergunta_id, projeto_id ) VALUES (162, CURRENT_TIMESTAMP(), (SELECT nome from maturidade where id = 2), 162, 2);
INSERT INTO resposta (id, atualizacao, maturidade, pergunta_id, projeto_id ) VALUES (163, CURRENT_TIMESTAMP(), (SELECT nome from maturidade where id = 4), 163, 2);
INSERT INTO resposta (id, atualizacao, maturidade, pergunta_id, projeto_id ) VALUES (164, CURRENT_TIMESTAMP(), (SELECT nome from maturidade where id = 4), 164, 2);
INSERT INTO resposta (id, atualizacao, maturidade, pergunta_id, projeto_id ) VALUES (165, CURRENT_TIMESTAMP(), (SELECT nome from maturidade where id = 3), 165, 2);
INSERT INTO resposta (id, atualizacao, maturidade, pergunta_id, projeto_id ) VALUES (166, CURRENT_TIMESTAMP(), (SELECT nome from maturidade where id = 4), 166, 2);
INSERT INTO resposta (id, atualizacao, maturidade, pergunta_id, projeto_id ) VALUES (167, CURRENT_TIMESTAMP(), (SELECT nome from maturidade where id = 2), 167, 2);
INSERT INTO resposta (id, atualizacao, maturidade, pergunta_id, projeto_id ) VALUES (168, CURRENT_TIMESTAMP(), (SELECT nome from maturidade where id = 4), 168, 2);
INSERT INTO resposta (id, atualizacao, maturidade, pergunta_id, projeto_id ) VALUES (169, CURRENT_TIMESTAMP(), (SELECT nome from maturidade where id = 1), 169, 2);
INSERT INTO resposta (id, atualizacao, maturidade, pergunta_id, projeto_id ) VALUES (324, CURRENT_TIMESTAMP(), (SELECT nome from maturidade where id = 5), 324, 2);
INSERT INTO resposta (id, atualizacao, maturidade, pergunta_id, projeto_id ) VALUES (325, CURRENT_TIMESTAMP(), (SELECT nome from maturidade where id = 2), 325, 2);
INSERT INTO resposta (id, atualizacao, maturidade, pergunta_id, projeto_id ) VALUES (326, CURRENT_TIMESTAMP(), (SELECT nome from maturidade where id = 1), 326, 2);
INSERT INTO resposta (id, atualizacao, maturidade, pergunta_id, projeto_id ) VALUES (327, CURRENT_TIMESTAMP(), (SELECT nome from maturidade where id = 3), 327, 2);
INSERT INTO resposta (id, atualizacao, maturidade, pergunta_id, projeto_id ) VALUES (328, CURRENT_TIMESTAMP(), (SELECT nome from maturidade where id = 2), 328, 2);
INSERT INTO resposta (id, atualizacao, maturidade, pergunta_id, projeto_id ) VALUES (329, CURRENT_TIMESTAMP(), (SELECT nome from maturidade where id = 3), 329, 2);
INSERT INTO resposta (id, atualizacao, maturidade, pergunta_id, projeto_id ) VALUES (330, CURRENT_TIMESTAMP(), (SELECT nome from maturidade where id = 4), 330, 2);
INSERT INTO resposta (id, atualizacao, maturidade, pergunta_id, projeto_id ) VALUES (331, CURRENT_TIMESTAMP(), (SELECT nome from maturidade where id = 3), 331, 2);
INSERT INTO resposta (id, atualizacao, maturidade, pergunta_id, projeto_id ) VALUES (332, CURRENT_TIMESTAMP(), (SELECT nome from maturidade where id = 1), 332, 2);
INSERT INTO resposta (id, atualizacao, maturidade, pergunta_id, projeto_id ) VALUES (333, CURRENT_TIMESTAMP(), (SELECT nome from maturidade where id = 2), 333, 2);
INSERT INTO resposta (id, atualizacao, maturidade, pergunta_id, projeto_id ) VALUES (334, CURRENT_TIMESTAMP(), (SELECT nome from maturidade where id = 1), 334, 2);
INSERT INTO resposta (id, atualizacao, maturidade, pergunta_id, projeto_id ) VALUES (335, CURRENT_TIMESTAMP(), (SELECT nome from maturidade where id = 2), 335, 2);
INSERT INTO resposta (id, atualizacao, maturidade, pergunta_id, projeto_id ) VALUES (336, CURRENT_TIMESTAMP(), (SELECT nome from maturidade where id = 3), 336, 2);
INSERT INTO resposta (id, atualizacao, maturidade, pergunta_id, projeto_id ) VALUES (337, CURRENT_TIMESTAMP(), (SELECT nome from maturidade where id = 2), 337, 2);
INSERT INTO resposta (id, atualizacao, maturidade, pergunta_id, projeto_id ) VALUES (338, CURRENT_TIMESTAMP(), (SELECT nome from maturidade where id = 3), 338, 2);
INSERT INTO resposta (id, atualizacao, maturidade, pergunta_id, projeto_id ) VALUES (339, CURRENT_TIMESTAMP(), (SELECT nome from maturidade where id = 3), 339, 2);
INSERT INTO resposta (id, atualizacao, maturidade, pergunta_id, projeto_id ) VALUES (340, CURRENT_TIMESTAMP(), (SELECT nome from maturidade where id = 5), 340, 2);
INSERT INTO resposta (id, atualizacao, maturidade, pergunta_id, projeto_id ) VALUES (341, CURRENT_TIMESTAMP(), (SELECT nome from maturidade where id = 1), 341, 2);
INSERT INTO resposta (id, atualizacao, maturidade, pergunta_id, projeto_id ) VALUES (342, CURRENT_TIMESTAMP(), (SELECT nome from maturidade where id = 5), 342, 2);
INSERT INTO resposta (id, atualizacao, maturidade, pergunta_id, projeto_id ) VALUES (343, CURRENT_TIMESTAMP(), (SELECT nome from maturidade where id = 3), 343, 2);
INSERT INTO resposta (id, atualizacao, maturidade, pergunta_id, projeto_id ) VALUES (344, CURRENT_TIMESTAMP(), (SELECT nome from maturidade where id = 1), 344, 2);
INSERT INTO resposta (id, atualizacao, maturidade, pergunta_id, projeto_id ) VALUES (345, CURRENT_TIMESTAMP(), (SELECT nome from maturidade where id = 5), 345, 2);
INSERT INTO resposta (id, atualizacao, maturidade, pergunta_id, projeto_id ) VALUES (346, CURRENT_TIMESTAMP(), (SELECT nome from maturidade where id = 2), 346, 2);
INSERT INTO resposta (id, atualizacao, maturidade, pergunta_id, projeto_id ) VALUES (347, CURRENT_TIMESTAMP(), (SELECT nome from maturidade where id = 3), 347, 2);
INSERT INTO resposta (id, atualizacao, maturidade, pergunta_id, projeto_id ) VALUES (348, CURRENT_TIMESTAMP(), (SELECT nome from maturidade where id = 5), 348, 2);
INSERT INTO resposta (id, atualizacao, maturidade, pergunta_id, projeto_id ) VALUES (349, CURRENT_TIMESTAMP(), (SELECT nome from maturidade where id = 3), 349, 2);
INSERT INTO resposta (id, atualizacao, maturidade, pergunta_id, projeto_id ) VALUES (350, CURRENT_TIMESTAMP(), (SELECT nome from maturidade where id = 3), 350, 2);
INSERT INTO resposta (id, atualizacao, maturidade, pergunta_id, projeto_id ) VALUES (351, CURRENT_TIMESTAMP(), (SELECT nome from maturidade where id = 3), 351, 2);
INSERT INTO resposta (id, atualizacao, maturidade, pergunta_id, projeto_id ) VALUES (352, CURRENT_TIMESTAMP(), (SELECT nome from maturidade where id = 3), 352, 2);
INSERT INTO resposta (id, atualizacao, maturidade, pergunta_id, projeto_id ) VALUES (353, CURRENT_TIMESTAMP(), (SELECT nome from maturidade where id = 4), 353, 2);
INSERT INTO resposta (id, atualizacao, maturidade, pergunta_id, projeto_id ) VALUES (354, CURRENT_TIMESTAMP(), (SELECT nome from maturidade where id = 1), 354, 2);
INSERT INTO resposta (id, atualizacao, maturidade, pergunta_id, projeto_id ) VALUES (355, CURRENT_TIMESTAMP(), (SELECT nome from maturidade where id = 5), 355, 2);
INSERT INTO resposta (id, atualizacao, maturidade, pergunta_id, projeto_id ) VALUES (356, CURRENT_TIMESTAMP(), (SELECT nome from maturidade where id = 3), 356, 2);
INSERT INTO resposta (id, atualizacao, maturidade, pergunta_id, projeto_id ) VALUES (357, CURRENT_TIMESTAMP(), (SELECT nome from maturidade where id = 5), 357, 2);
INSERT INTO resposta (id, atualizacao, maturidade, pergunta_id, projeto_id ) VALUES (358, CURRENT_TIMESTAMP(), (SELECT nome from maturidade where id = 2), 358, 2);
INSERT INTO resposta (id, atualizacao, maturidade, pergunta_id, projeto_id ) VALUES (359, CURRENT_TIMESTAMP(), (SELECT nome from maturidade where id = 2), 359, 2);
INSERT INTO resposta (id, atualizacao, maturidade, pergunta_id, projeto_id ) VALUES (360, CURRENT_TIMESTAMP(), (SELECT nome from maturidade where id = 4), 360, 2);
INSERT INTO resposta (id, atualizacao, maturidade, pergunta_id, projeto_id ) VALUES (361, CURRENT_TIMESTAMP(), (SELECT nome from maturidade where id = 4), 361, 2);
INSERT INTO resposta (id, atualizacao, maturidade, pergunta_id, projeto_id ) VALUES (362, CURRENT_TIMESTAMP(), (SELECT nome from maturidade where id = 2), 362, 2);
INSERT INTO resposta (id, atualizacao, maturidade, pergunta_id, projeto_id ) VALUES (363, CURRENT_TIMESTAMP(), (SELECT nome from maturidade where id = 5), 363, 2);
INSERT INTO resposta (id, atualizacao, maturidade, pergunta_id, projeto_id ) VALUES (364, CURRENT_TIMESTAMP(), (SELECT nome from maturidade where id = 4), 364, 2);

DROP TABLE maturidade;